id,content,star_rating,user_id,product_id
1,吏ぜ濡ы븯怨 덈Т 留쏆엳댁슂 留ㅼ씪留ㅼ씪 癒밴퀬띠뼱!!!,5,1,1
2,議대쭧! 덈Т ъ숴댁슂!!! 媛꾩떇怨꾩쓽 먮Ⅴ硫붿뒪! 怨좉툒吏怨 덈Т 留쏆엳ㅼ슂 щ㉨꾧쾶,4.7,2,2
3,낆씠 ъ떖덈뒗 덈Т 댁슂! ㅻ━蹂대떎 遺쒕윭뚯꽌 명븯寃 癒뱀쓣 덉뼱 醫뗭븘 醫 щ떖⑥씠 덈꽕,4.9,3,3
4,留쏆엳댁슂留쏆엳댁슂留쏆엳댁슂留쏆엳댁슂,5,4,4
5,덉씠 꾧튉吏 딆 援щℓ듬땲 ^ ^ 좊뱾 留쏆엳ㅺ퀬 ъ옄怨 쒕━먯슂~~~~,4.8,5,5
6,硫뗭쭊留쏆씠먯슂! 덈Т 留쏆엳怨 낆븞먯꽌 댁궡 뱀븘! ⑥쭬 議고빀,5,6,6
7,"OMG, So delicious! It's amazing",1,7,7
8,쒓 30꾧컙 李얠븘 ㅻℓ 留쏆씠ㅼ슂 댁찞醫뗭븘.,5,8,8
9,"議곕━ 쎄퀬, 留롪퀬, 留쏆엳댁슂 멸吏 댁쑀留뚯쑝濡 ш뎄留 섍린 異⑸텇⑸땲 몄뿉ㅺ 쇰Т吏寃 癒뱀뿀듬땲 留ㅼ숴 留쏆씠 덉뼱 먮겮섏 딆븯댁슂 怨좉린 됱옣쇰줈 諛곗넚섏뼱 좎꽑덉뒿덈떎",4.6,9,9
10,쒕큺吏瑜 뼱 怨쇱옄瑜 댄렣蹂대땲 珥 6議곌컖 李④끝李④끝 ㅼ뼱덇퀬 媛蹂띿留 ⑤떒 щ옒而ㅺ 몃쫯몃쫯 留쏆엳寃 援ъ썙몄엳ㅼ슂,4.9,10,10
11,꾩깉瑜 留≪븘蹂대땲 щ옒而ㅼ쓽 μ 嫄곗쓽 녿뒗寃껉컳 쎄컙 怨좎냼섍쾶 꾨Ⅸ?媛숈寃 섏슂,5,1,11
12,怨쇱옄 以묒븰 먯꽑꾨뵲 諛섏쑝濡 履쇨컻蹂대땲 섍퀬 쎄쾶 섎닠吏ㅼ슂,4.7,2,12
13,諛섏“媛곸쓣 ㅺ퀬 癒뱀뼱蹂대땲 쒖엯 ㅼ뼱媛붽쾶 묎굅몃뱶濡 곹빀 ш린媛숈븘 寃뚮떎媛 먭쎌뿉 湲곕쫫 臾살뼱섏딅꽕,4.9,3,13
14,떆 留쏅룄源붾걫 ш린 源붾걫⑸땲!,2.5,4,14
15,쇳븦蹂대㈃ ъ쓽 꾩씠鍮꾪겕섏빱 먯씠ㅻ퉬ㅽ궥怨 鍮꾩듂섍쾶 앷꼈吏留 먯씠ㅼ 꾪 ㅻⅨ留쏆씠吏^^,4.8,5,15
16,怨쇱옄 吏덇컧 蹂댁뿬二쇨린꾪빐 諛섏쑝濡 履쇨컻怨 遺붾뇬붾뜲,5,6,16
17,앷컧 諛붿궘諛붿궘섍퀬 뱀쓣섎줉 щ옒而ㅺ 욎씠硫댁꽌 泥섏쓬먮뒗 쏀띂섏留 먯젏 섏쭅 諛媛猷 諛섏＝泥섎읆 萸됱퀜吏硫댁꽌 遺쒕읇寃 蹂섍뎄 援ъ닔 μ씠섎㈃ 吏쒖딄퀬 꾩＜ 대갚⑸땲,4.6,7,17
18,ъ떎 吏ㅺ퉴遊 洹 嫄깆젙덈뒗 덉쭨怨 ㅽ엳 怨좎냼대갚댁꽌 ъ떖쒕벏 癒밴린 醫뗭븯댁슂! 癒밴퀬 낆냽 꾩깉 룸쭧 ⑥ 딅꽕,5,8,18
19,쒓 좎젙섎뒗 怨쇱옄以묒뿉 섎굹 李명겕섏빱~!!!,4.6,9,19
20,대쭏몄뿉 긽 1+1 됱궗瑜 댁＜붿꽌 뺣쭚 쒗깮 꾨━ 1몄씠ㅼ슂~,4.9,10,20
21,먭레곸씠吏 딅뒗 怨쇱옄쇱꽌 뺣쭚 癒밸떎蹂대㈃..쒕룄앸룄 놁씠 ㅼ뼱媛꾨떎...,4.9,1,1
22,李명겕섏빱 癒밸떎蹂대㈃ 쎄컙 紐⑹씠 硫붿씪섎룄 덉뼱~~뗭쓬猷뚯닔 곗쑀 媛숈씠 癒뱀쑝硫 붿슧留쏆엳吏留..,5,2,2
23,붿슧 留쏆엳 轅곸쓣 뚮젮쒕━먮㈃!!뗣뀑,4.8,3,3
24,吏묒뿉 됱옣怨좎뿉蹂대㈃ 援대윭ㅻ땲 泥대떎移섏쫰 섎굹 덉쑝ㅺ굅먯슂~~뗣뀑,5,4,4
25,泥대떎移섏쫰瑜 щ옒而ㅽ겕湲곕쭔 彛됱춬 李뼱 щ옒而ㅼ쐞 섎굹 щ젮癒뱀쑝硫!!,1,5,5
26,뺣쭚뺣쭚 留쏆엳댁슂!! щ옒而ㅼ쓽 諛붿궘④낵 移섏쫰 珥됱큺⑥씠 쒕뜲 댁슦ъ졇 留덇뎄留덇뎄 밸떎蹂대㈃ 덈Т 留쏆엳댁꽌..怨꾩냽 먯씠 媛寃 ⑸땲!,5,6,6
27,洹몃윴 泥대떎移섏쫰媛 덈Т李⑤떎!쇨퀬 먭뺨吏좊떎硫..묒 醫낆洹몃쫯 移섏쫰瑜 섎씪 ｊ퀬 꾩옄뚯 뚮젮二쇱꽭~~湲덈갑 뱀븘~~,4.6,7,7
28,洹몃윴ㅼ쓬 뱀 移섏쫰 щ옒而ㅻ 李띿뼱 癒뱀쑝硫~~異쒖텧좊븣 좎븞二쇰줈 꾩쟾 쒓꺽낅땲..,5,8,8
29,쒓 긽 대㉨ 諛⑸쾿댁뿉~~ 대젃寃 癒밸떎蹂대㈃ 쒕컯ㅻ뒗 洹몃깷 ~졼뀪,4.7,9,9
30,洹몃옒 遺댁뾾 癒뱀쓣 뉖뒗 李명겕섏빱쇱꽌 愿쒖갖ㅻ뒗..롢뀕,4.9,10,10
31,ㅻ뱾 대젃寃 癒뱀뼱蹂댁꽭~~吏깅쭧덉뼱!,1.2,1,11
32,뚯궗먯꽌 媛꾩떇쇰줈 癒밴린 꾪빐 뺣퉬ㅼ뿉 ｌ뼱 붾웾쇰줈 怨쇱옄瑜 留롮씠 援щℓ덉뒿덈떎.,2.1,2,12
33,깃컻 ъ옣대씪 癒밴린 媛꾪렪섍퀬 媛寃⑸룄 꾩＜ ⑸━곸씠 怨좊 꾩슂 놁씠 諛붾줈 λ컮援щ땲 댁븯二.,4,3,13
34,쒖뀛蹂댁떊 遺꾩 紐⑤몢 숈쓽섏떆寃좎留 대갚댁꽌 ъ 딆 怨쇱옄瑜 먰븯쒕뒗 遺꾨뱾먭쾶 꾩＜ 醫뗭븘.,3.1,4,14
35,吏곸옣 숇즺 紐⑤몢媛 留뚯”덉뒿덈떎.,2.9,5,15
36,쒗뭹 섎굹 묒씠 곸뼱 踰덉뿉 3媛쒕굹 癒밸뒗 臾몄젣媛 諛쒖깮섍린 댁슂롢뀕,1.1,6,16
37,ш린 묒留 留쏆 理쒓퀬嫄곕뱺.,4.9,7,17
38,異쒖텧 곗쑀 而ㅽ뵾 癒밴린 醫뗭 留쏆엯덈떎.,1.2,8,18
39,諛붿궘諛붿궘 앷컧 醫뗭뒿덈떎.,1.3,9,19
40,媛 李몄튂 ㅼ씠瑜 щ젮 덉＜濡 癒밴린 섎뒗 洹멸쾬 꾩＜ 留쏆엳댁슂.,2.4,10,20